<?xml version="1.0" encoding="UTF-8"?>
<form xmlns="http://www.intellij.com/uidesigner/form/" version="1" bind-to-class="sk.maros.motaj.PDFsplit">
  <grid id="27dc6" binding="mainPanel" layout-manager="GridLayoutManager" row-count="3" column-count="4" same-size-horizontally="false" same-size-vertically="false" hgap="-1" vgap="-1">
    <margin top="0" left="0" bottom="0" right="0"/>
    <constraints>
      <xy x="12" y="20" width="521" height="234"/>
    </constraints>
    <properties>
      <background color="-1508613"/>
      <preferredSize width="500" height="200"/>
    </properties>
    <border type="bevel-raised"/>
    <children>
      <component id="2dccf" class="javax.swing.JButton" binding="buttonSaveFiles">
        <constraints>
          <grid row="1" column="1" row-span="1" col-span="1" vsize-policy="4" hsize-policy="3" anchor="8" fill="0" indent="0" use-parent-layout="false"/>
        </constraints>
        <properties>
          <background color="-1508613"/>
          <text value="Save files to"/>
        </properties>
      </component>
      <component id="2bf97" class="javax.swing.JButton" binding="buttonOpenFile">
        <constraints>
          <grid row="0" column="1" row-span="1" col-span="1" vsize-policy="7" hsize-policy="3" anchor="0" fill="1" indent="0" use-parent-layout="false"/>
        </constraints>
        <properties>
          <background color="-1508613"/>
          <horizontalAlignment value="0"/>
          <horizontalTextPosition value="0"/>
          <text value="Open file"/>
        </properties>
      </component>
      <component id="11288" class="javax.swing.JTextField" binding="textFieldOpenFile">
        <constraints>
          <grid row="0" column="2" row-span="1" col-span="1" vsize-policy="7" hsize-policy="7" anchor="0" fill="0" indent="0" use-parent-layout="false">
            <preferred-size width="250" height="20"/>
          </grid>
        </constraints>
        <properties>
          <background color="-1245441"/>
          <horizontalAlignment value="2"/>
          <text value=""/>
        </properties>
      </component>
      <component id="88826" class="javax.swing.JButton" binding="buttonSplitPdf">
        <constraints>
          <grid row="2" column="1" row-span="1" col-span="2" vsize-policy="7" hsize-policy="3" anchor="0" fill="1" indent="0" use-parent-layout="false"/>
        </constraints>
        <properties>
          <background color="-16712449"/>
          <text value="Split PDF"/>
        </properties>
      </component>
      <component id="285a7" class="javax.swing.JTextField" binding="textFieldSaveTo">
        <constraints>
          <grid row="1" column="2" row-span="1" col-span="1" vsize-policy="0" hsize-policy="6" anchor="0" fill="0" indent="0" use-parent-layout="false">
            <preferred-size width="250" height="-1"/>
          </grid>
        </constraints>
        <properties>
          <background color="-852225"/>
        </properties>
      </component>
      <hspacer id="b7422">
        <constraints>
          <grid row="0" column="3" row-span="1" col-span="1" vsize-policy="1" hsize-policy="6" anchor="0" fill="1" indent="0" use-parent-layout="false"/>
        </constraints>
      </hspacer>
      <hspacer id="570a9">
        <constraints>
          <grid row="0" column="0" row-span="1" col-span="1" vsize-policy="1" hsize-policy="6" anchor="0" fill="1" indent="0" use-parent-layout="false"/>
        </constraints>
      </hspacer>
    </children>
  </grid>
</form>